birthday;lastname;firstname;email
30/07/1997;IM;Hyejeong;hyejeong@gmail.com
15/08/1996;Park;Soojin;soojin.park@gmail.com
23/09/1995;Choi;Hyunwoo;hyunwoo.choi@gmail.com
12/01/1998;Jung;Sungmin;sungmin.jung@gmail.com
30/07/1997;Kim;Minseo;minseo.kim@gmail.com
05/02/1996;Kang;Yeseul;yeseul.kang@gmail.com
19/03/1999;Yoon;Jihye;jihye.yoon@gmail.com
11/11/2000;Han;Youngho;youngho.han@gmail.com
01/12/1997;Song;Seungjae;seungjae.song@gmail.com
30/07/1997;Lee;Jiwon;jiwon.lee@gmail.com